TORSION3,L-BFGS-B,None,0.0,None,5184,None
WALL20,L-BFGS-B,None,0.0,None,5924,None
TORSION3,TNC,None,0.0,None,5184,None
WALL20,TNC,None,0.0,None,5924,None
TORSION3,Powell,None,0.0,None,5184,None
WALL20,Powell,None,0.0,None,5924,None
TORSION3,Nelder-Mead,None,0.0,None,5184,None
WALL20,Nelder-Mead,None,0.0,None,5924,None
SISSER,CG,0,0.0,0,2,None
CHWIRUT2LS,CG,1,0.0001770419767126441,0,3,None
SISSER,BFGS,0,0.0,0,2,None
CHWIRUT2LS,BFGS,1,0.00011595897376537323,0,3,None
SISSER,dogleg,0,0.0,0,2,None
CHWIRUT2LS,dogleg,0,0.00010187493171542883,0,3,Nan/Inf
SISSER,trust-ncg,0,0.0,0,2,None
CHWIRUT2LS,trust-ncg,0,4.995905328541994e-05,0,3,Nan/Inf
TORSIONE,L-BFGS-B,None,0.0,None,5184,None
HIMMELP1,L-BFGS-B,1,0.0008153890181953708,1,2,None
TORSIONE,TNC,None,0.0,None,5184,None
HIMMELP1,TNC,1,0.0005192916529874007,1,2,None
TORSIONE,Powell,None,0.0,None,5184,None
HIMMELP1,Powell,1,0.001875624991953373,0,2,None
TORSIONE,Nelder-Mead,None,0.0,None,5184,None
HIMMELP1,Nelder-Mead,1,0.0011001803213730454,1,2,None
BOXPOWER,CG,None,0.0,None,20000,None
PALMER5C,CG,0,0.0,0,6,None
BOXPOWER,BFGS,None,0.0,None,20000,None
PALMER5C,BFGS,0,0.0,0,6,None
BOXPOWER,dogleg,None,0.0,None,20000,None
PALMER5C,dogleg,0,0.0,0,6,None
BOXPOWER,trust-ncg,None,0.0,None,20000,None
PALMER5C,trust-ncg,0,0.0,0,6,None
SINEALI,L-BFGS-B,1,0.03451236096831659,1,1000,None
EXPLIN,L-BFGS-B,1,0.0076498197158798575,0,1200,None
SINEALI,TNC,1,0.05458809699242314,1,1000,None
EXPLIN,TNC,1,0.32366356247803196,0,1200,None
SINEALI,Powell,1,2.786034597666003,0,1000,None
EXPLIN,Powell,1,0.634562374985156,0,1200,None
SINEALI,Nelder-Mead,0,0.0,0,1000,None
EXPLIN,Nelder-Mead,0,0.0,0,1200,None
DENSCHNB,CG,0,0.0,0,2,None
GBRAINLS,CG,0,0.0,0,2,None
DENSCHNB,BFGS,0,0.0,0,2,None
GBRAINLS,BFGS,0,0.0,0,2,None
DENSCHNB,dogleg,0,0.0,0,2,None
GBRAINLS,dogleg,0,0.000577417085878551,0,2,Nan/Inf
DENSCHNB,trust-ncg,0,0.0,0,2,None
GBRAINLS,trust-ncg,0,0.00023537501692771912,0,2,Nan/Inf
PALMER8E,L-BFGS-B,1,0.004301014317510028,0,8,None
PALMER5B,L-BFGS-B,1,0.005933694347428779,0,9,None
PALMER8E,TNC,0,0.0,0,8,None
PALMER5B,TNC,0,0.0,0,9,None
PALMER8E,Powell,1,0.022132153040729463,0,8,None
PALMER5B,Powell,1,0.058603694662451744,0,9,None
PALMER8E,Nelder-Mead,0,0.0,0,8,None
PALMER5B,Nelder-Mead,0,0.0,0,9,None
MGH10LS,CG,0,0.0,0,3,None
TRIDIA,CG,None,0.0,None,5000,None
MGH10LS,BFGS,0,0.0,0,3,None
TRIDIA,BFGS,None,0.0,None,5000,None
MGH10LS,dogleg,0,0.0,0,3,None
TRIDIA,dogleg,None,0.0,None,5000,None
MGH10LS,trust-ncg,0,0.0,0,3,None
TRIDIA,trust-ncg,None,0.0,None,5000,None
OSLBQP,L-BFGS-B,1,0.0005871527052174012,0,8,None
TORSIOND,L-BFGS-B,None,0.0,None,5184,None
OSLBQP,TNC,1,0.000551416480448097,0,8,None
TORSIOND,TNC,None,0.0,None,5184,None
OSLBQP,Powell,1,0.01573648633590589,0,8,None
TORSIOND,Powell,None,0.0,None,5184,None
OSLBQP,Nelder-Mead,1,0.0034871669486165047,0,8,None
TORSIOND,Nelder-Mead,None,0.0,None,5184,None
NONCVXU2,CG,None,0.0,None,5000,None
DIXON3DQ,CG,None,0.0,None,10000,None
NONCVXU2,BFGS,None,0.0,None,5000,None
DIXON3DQ,BFGS,None,0.0,None,10000,None
NONCVXU2,dogleg,None,0.0,None,5000,None
DIXON3DQ,dogleg,None,0.0,None,10000,None
NONCVXU2,trust-ncg,None,0.0,None,5000,None
DIXON3DQ,trust-ncg,None,0.0,None,10000,None
TORSION2,L-BFGS-B,None,0.0,None,5184,None
TORSIONF,L-BFGS-B,None,0.0,None,5184,None
TORSION2,TNC,None,0.0,None,5184,None
TORSIONF,TNC,None,0.0,None,5184,None
TORSION2,Powell,None,0.0,None,5184,None
TORSIONF,Powell,None,0.0,None,5184,None
TORSION2,Nelder-Mead,None,0.0,None,5184,None
TORSIONF,Nelder-Mead,None,0.0,None,5184,None
BOX3,CG,0,0.0,0,3,None
MODBEALE,CG,None,0.0,None,20000,None
BOX3,BFGS,0,0.0,0,3,None
MODBEALE,BFGS,None,0.0,None,20000,None
BOX3,dogleg,0,0.00018620805349200964,0,3,Nan/Inf
MODBEALE,dogleg,None,0.0,None,20000,None
BOX3,trust-ncg,0,0.00010379194281995296,0,3,Nan/Inf
MODBEALE,trust-ncg,None,0.0,None,20000,None
ALLINIT,L-BFGS-B,1,0.0011372776546825965,0,3,None
WEEDS,L-BFGS-B,1,0.0010046943401296933,0,3,None
ALLINIT,TNC,1,0.0010303755407221615,0,3,None
WEEDS,TNC,1,0.0008638886890063683,0,3,None
ALLINIT,Powell,1,0.009210264349045852,0,3,None
WEEDS,Powell,1,0.008529569332798323,0,3,None
ALLINIT,Nelder-Mead,0,0.0005518340039998293,1,3,Solver Error
WEEDS,Nelder-Mead,1,0.0019507500110194087,0,3,None
DIXMAANA,CG,0,0.0,0,3000,None
NONDIA,CG,None,0.0,None,5000,None
DIXMAANA,BFGS,0,0.0,0,3000,None
NONDIA,BFGS,None,0.0,None,5000,None
DIXMAANA,dogleg,0,0.0,0,3000,None
NONDIA,dogleg,None,0.0,None,5000,None
DIXMAANA,trust-ncg,0,0.0,0,3000,None
NONDIA,trust-ncg,None,0.0,None,5000,None
PENTDI,L-BFGS-B,None,0.0,None,5000,None
SPECAN,L-BFGS-B,1,0.05219319435612609,1,9,None
PENTDI,TNC,None,0.0,None,5000,None
SPECAN,TNC,1,0.05848169470361123,1,9,None
PENTDI,Powell,None,0.0,None,5000,None
SPECAN,Powell,1,0.36000395799055696,1,9,None
PENTDI,Nelder-Mead,None,0.0,None,5000,None
SPECAN,Nelder-Mead,1,0.34288474963977933,1,9,None
DENSCHNC,CG,0,0.0,0,2,None
BA-L16LS,CG,None,0.0,None,66462,None
DENSCHNC,BFGS,0,0.0,0,2,None
BA-L16LS,BFGS,None,0.0,None,66462,None
DENSCHNC,dogleg,0,7.949990686029196e-05,0,2,Nan/Inf
BA-L16LS,dogleg,None,0.0,None,66462,None
DENSCHNC,trust-ncg,0,0.0003695000195875764,0,2,Nan/Inf
BA-L16LS,trust-ncg,None,0.0,None,66462,None
HARKERP2,L-BFGS-B,1,0.03784026329716047,0,1000,None
PALMER4E,L-BFGS-B,1,0.00683326394452403,0,8,None
HARKERP2,TNC,0,6.457830291939899,1,1000,Solver Error
PALMER4E,TNC,0,0.0,0,8,None
HARKERP2,Powell,1,289.3399160972719,0,1000,None
PALMER4E,Powell,1,0.025954624676766496,0,8,None
HARKERP2,Nelder-Mead,0,0.0,0,1000,None
PALMER4E,Nelder-Mead,0,0.0,0,8,None
LANCZOS3LS,CG,0,0.0,0,6,None
GAUSS1LS,CG,0,0.0,0,8,None
LANCZOS3LS,BFGS,0,0.0,0,6,None
GAUSS1LS,BFGS,0,0.0,0,8,None
LANCZOS3LS,dogleg,0,0.0001787500223144889,0,6,Nan/Inf
GAUSS1LS,dogleg,0,0.0002051249612122774,0,8,Nan/Inf
LANCZOS3LS,trust-ncg,0,0.00011866691056638956,0,6,Nan/Inf
GAUSS1LS,trust-ncg,0,0.00010358402505517006,0,8,Nan/Inf
PALMER5A,L-BFGS-B,1,0.001254346997787555,0,8,None
TORSION1,L-BFGS-B,None,0.0,None,5184,None
PALMER5A,TNC,1,0.0005344583187252283,0,8,None
TORSION1,TNC,None,0.0,None,5184,None
PALMER5A,Powell,1,0.015765500022098422,0,8,None
TORSION1,Powell,None,0.0,None,5184,None
PALMER5A,Nelder-Mead,0,0.0,0,8,None
TORSION1,Nelder-Mead,None,0.0,None,5184,None
MGH09LS,CG,0,0.0,0,4,None
LANCZOS1LS,CG,0,0.0,0,6,None
MGH09LS,BFGS,0,0.0,0,4,None
LANCZOS1LS,BFGS,0,0.0,0,6,None
MGH09LS,dogleg,0,0.0,0,4,None
LANCZOS1LS,dogleg,0,0.0001598329981788993,0,6,Nan/Inf
MGH09LS,trust-ncg,0,0.0,0,4,None
LANCZOS1LS,trust-ncg,0,8.654198609292507e-05,0,6,Nan/Inf
BQPGASIM,L-BFGS-B,1,0.001968638622201979,1,50,None
TORSIONC,L-BFGS-B,None,0.0,None,5184,None
BQPGASIM,TNC,1,0.0021210556539396444,1,50,None
TORSIONC,TNC,None,0.0,None,5184,None
BQPGASIM,Powell,1,0.059512458043172956,1,50,None
TORSIONC,Powell,None,0.0,None,5184,None
BQPGASIM,Nelder-Mead,0,0.0,1,50,None
TORSIONC,Nelder-Mead,None,0.0,None,5184,None
BA-L1LS,CG,0,0.0,0,57,None
BROYDN7D,CG,None,0.0,None,5000,None
BA-L1LS,BFGS,0,0.0,0,57,None
BROYDN7D,BFGS,None,0.0,None,5000,None
BA-L1LS,dogleg,0,0.0,0,57,None
BROYDN7D,dogleg,None,0.0,None,5000,None
BA-L1LS,trust-ncg,0,0.0004081249935552478,0,57,Nan/Inf
BROYDN7D,trust-ncg,None,0.0,None,5000,None
TORSION5,L-BFGS-B,None,0.0,None,5184,None
PFIT1LS,L-BFGS-B,0,0.0018986250506713986,0,3,Nan/Inf
TORSION5,TNC,None,0.0,None,5184,None
PFIT1LS,TNC,0,0.001960374996997416,0,3,Nan/Inf
TORSION5,Powell,None,0.0,None,5184,None
PFIT1LS,Powell,1,0.0030996246884266534,0,3,None
TORSION5,Nelder-Mead,None,0.0,None,5184,None
PFIT1LS,Nelder-Mead,0,0.0045842500403523445,0,3,Nan/Inf
GAUSS3LS,CG,0,0.0,0,8,None
DENSCHNA,CG,0,0.0,0,2,None
GAUSS3LS,BFGS,0,0.0,0,8,None
DENSCHNA,BFGS,0,0.0,0,2,None
GAUSS3LS,dogleg,0,0.00024454202502965927,0,8,Nan/Inf
DENSCHNA,dogleg,0,7.745902985334396e-05,0,2,Nan/Inf
GAUSS3LS,trust-ncg,0,0.00011420901864767075,0,8,Nan/Inf
DENSCHNA,trust-ncg,0,4.3166917748749256e-05,0,2,Nan/Inf
PALMER5E,L-BFGS-B,1,0.0017889303077633183,0,8,None
PALMER4A,L-BFGS-B,1,0.0011174996616318822,0,6,None
PALMER5E,TNC,1,0.0007506943074986339,0,8,None
PALMER4A,TNC,1,0.0005070139886811376,0,6,None
PALMER5E,Powell,1,0.021948722035934527,0,8,None
PALMER4A,Powell,1,0.016468374989926815,0,6,None
PALMER5E,Nelder-Mead,0,0.0,0,8,None
PALMER4A,Nelder-Mead,0,0.0,0,6,None
QUARTC,CG,None,0.0,None,5000,None
DIXMAANC,CG,0,0.0,0,3000,None
QUARTC,BFGS,None,0.0,None,5000,None
DIXMAANC,BFGS,0,0.0,0,3000,None
QUARTC,dogleg,None,0.0,None,5000,None
DIXMAANC,dogleg,0,0.0,0,3000,None
QUARTC,trust-ncg,None,0.0,None,5000,None
DIXMAANC,trust-ncg,0,0.0,0,3000,None
BDEXP,L-BFGS-B,None,0.0,None,5000,None
HS110,L-BFGS-B,1,0.001343083296281596,1,10,None
BDEXP,TNC,None,0.0,None,5000,None
HS110,TNC,1,0.0009605279968430599,1,10,None
BDEXP,Powell,None,0.0,None,5000,None
HS110,Powell,1,0.0052539580113564925,1,10,None
BDEXP,Nelder-Mead,None,0.0,None,5000,None
HS110,Nelder-Mead,1,0.01826174999587238,1,10,None
NELSONLS,CG,0,0.0,0,3,None
ARWHEAD,CG,None,0.0,None,5000,None
NELSONLS,BFGS,0,0.0,0,3,None
ARWHEAD,BFGS,None,0.0,None,5000,None
NELSONLS,dogleg,0,0.00010875007137656212,0,3,Nan/Inf
ARWHEAD,dogleg,None,0.0,None,5000,None
NELSONLS,trust-ncg,0,6.687501445412636e-05,0,3,Nan/Inf
ARWHEAD,trust-ncg,None,0.0,None,5000,None
EXPQUAD,L-BFGS-B,1,0.0038802360262100897,0,1200,None
BQPGAUSS,L-BFGS-B,1,1.9112270836873602,1,2003,None
EXPQUAD,TNC,1,0.6188220831099898,0,1200,None
BQPGAUSS,TNC,1,1.850953930368026,1,2003,None
EXPQUAD,Powell,1,3.38113948632963,0,1200,None
BQPGAUSS,Powell,0,0.0,0,2003,None
EXPQUAD,Nelder-Mead,0,4.804363708011806,1,1200,Nan/Inf
BQPGAUSS,Nelder-Mead,0,1200.3432916250313,0,2003,Timeout
DIXMAANB,CG,0,0.0,0,3000,None
SBRYBND,CG,None,0.0,None,5000,None
DIXMAANB,BFGS,0,0.0,0,3000,None
SBRYBND,BFGS,None,0.0,None,5000,None
DIXMAANB,dogleg,0,0.0,0,3000,None
SBRYBND,dogleg,None,0.0,None,5000,None
DIXMAANB,trust-ncg,0,0.0,0,3000,None
SBRYBND,trust-ncg,None,0.0,None,5000,None
BIGGSB1,L-BFGS-B,None,0.0,None,5000,None
TORSION4,L-BFGS-B,None,0.0,None,5184,None
BIGGSB1,TNC,None,0.0,None,5000,None
TORSION4,TNC,None,0.0,None,5184,None
BIGGSB1,Powell,None,0.0,None,5000,None
TORSION4,Powell,None,0.0,None,5184,None
BIGGSB1,Nelder-Mead,None,0.0,None,5000,None
TORSION4,Nelder-Mead,None,0.0,None,5184,None
LUKSAN21LS,CG,0,0.0,0,100,None
JIMACK,CG,None,0.0,None,3549,None
LUKSAN21LS,BFGS,0,0.0,0,100,None
JIMACK,BFGS,None,0.0,None,3549,None
LUKSAN21LS,dogleg,0,0.0,0,100,None
JIMACK,dogleg,None,0.0,None,3549,None
LUKSAN21LS,trust-ncg,0,0.0,0,100,None
JIMACK,trust-ncg,None,0.0,None,3549,None
TORSIONB,L-BFGS-B,None,0.0,None,5184,None
LINVERSE,L-BFGS-B,0,0.0,0,1999,None
TORSIONB,TNC,None,0.0,None,5184,None
LINVERSE,TNC,1,2.330765139001111,0,1999,None
TORSIONB,Powell,None,0.0,None,5184,None
LINVERSE,Powell,0,0.0,0,1999,None
TORSIONB,Nelder-Mead,None,0.0,None,5184,None
LINVERSE,Nelder-Mead,0,1200.3518374590203,0,1999,Timeout
BROYDN3DLS,CG,None,0.0,None,5000,None
SENSORS,CG,0,0.0,0,100,None
BROYDN3DLS,BFGS,None,0.0,None,5000,None
SENSORS,BFGS,0,0.0,0,100,None
BROYDN3DLS,dogleg,None,0.0,None,5000,None
SENSORS,dogleg,0,0.0,0,100,None
BROYDN3DLS,trust-ncg,None,0.0,None,5000,None
SENSORS,trust-ncg,0,0.0,0,100,None
TORSION6,L-BFGS-B,None,0.0,None,5184,None
PALMER4B,L-BFGS-B,1,0.0008115556944782535,0,4,None
TORSION6,TNC,None,0.0,None,5184,None
PALMER4B,TNC,1,0.00037127799199273187,0,4,None
TORSION6,Powell,None,0.0,None,5184,None
PALMER4B,Powell,1,0.004919763693275551,0,4,None
TORSION6,Nelder-Mead,None,0.0,None,5184,None
PALMER4B,Nelder-Mead,1,0.007627958490047604,0,4,None
DENSCHND,CG,0,0.0,0,3,None
DANWOODLS,CG,1,9.900005534291267e-05,0,2,None
DENSCHND,BFGS,0,0.0,0,3,None
DANWOODLS,BFGS,0,0.0,0,2,None
DENSCHND,dogleg,0,0.0,0,3,None
DANWOODLS,dogleg,0,8.208304643630981e-05,0,2,Nan/Inf
DENSCHND,trust-ncg,0,0.00014608295168727636,0,3,Nan/Inf
DANWOODLS,trust-ncg,0,5.2999937906861305e-05,0,2,Nan/Inf
PALMER8A,L-BFGS-B,1,0.0012761250060672562,0,6,None
QR3DLS,L-BFGS-B,1,3.4074285000097007,0,610,None
PALMER8A,TNC,1,0.0005284029757604003,0,6,None
QR3DLS,TNC,1,1.021964187035337,0,610,None
PALMER8A,Powell,1,0.014574888744391501,0,6,None
QR3DLS,Powell,0,0.0,0,610,None
PALMER8A,Nelder-Mead,0,0.0,0,6,None
QR3DLS,Nelder-Mead,0,0.0,0,610,None
DIXMAANF,CG,0,0.0,0,3000,None
TQUARTIC,CG,None,0.0,None,5000,None
DIXMAANF,BFGS,0,0.0,0,3000,None
TQUARTIC,BFGS,None,0.0,None,5000,None
DIXMAANF,dogleg,0,0.0,0,3000,None
TQUARTIC,dogleg,None,0.0,None,5000,None
DIXMAANF,trust-ncg,0,0.0,0,3000,None
TQUARTIC,trust-ncg,None,0.0,None,5000,None
PSPDOC,L-BFGS-B,0,0.0,0,4,None
PFIT3LS,L-BFGS-B,0,0.001347915967926383,0,3,Solver Error
PSPDOC,TNC,1,0.0012399579863995314,0,4,None
PFIT3LS,TNC,0,0.002020249958150089,0,3,Nan/Inf
PSPDOC,Powell,1,0.004975249990820885,0,4,None
PFIT3LS,Powell,0,0.005479792016558349,0,3,Nan/Inf
PSPDOC,Nelder-Mead,0,0.0,0,4,None
PFIT3LS,Nelder-Mead,0,0.00544295902363956,0,3,Nan/Inf
ZANGWIL2,CG,0,0.0,0,2,None
DIXMAANP,CG,0,0.0,0,3000,None
ZANGWIL2,BFGS,0,0.0,0,2,None
DIXMAANP,BFGS,0,0.0,0,3000,None
ZANGWIL2,dogleg,0,0.0,0,2,None
DIXMAANP,dogleg,0,0.0,0,3000,None
ZANGWIL2,trust-ncg,0,0.0,0,2,None
DIXMAANP,trust-ncg,0,0.0,0,3000,None
HS3MOD,L-BFGS-B,1,0.0006343609808633724,0,2,None
TORSIONA,L-BFGS-B,None,0.0,None,5184,None
HS3MOD,TNC,1,0.0002554726864521702,0,2,None
TORSIONA,TNC,None,0.0,None,5184,None
HS3MOD,Powell,1,0.0019313333711276452,0,2,None
TORSIONA,Powell,None,0.0,None,5184,None
HS3MOD,Nelder-Mead,0,0.0007144169649109244,1,2,Solver Error
TORSIONA,Nelder-Mead,None,0.0,None,5184,None
DIXMAANG,CG,0,0.0,0,3000,None
CUBE,CG,0,0.0,0,2,None
DIXMAANG,BFGS,0,0.0,0,3000,None
CUBE,BFGS,0,0.0,0,2,None
DIXMAANG,dogleg,0,0.0,0,3000,None
CUBE,dogleg,0,0.0,0,2,None
DIXMAANG,trust-ncg,0,0.0,0,3000,None
CUBE,trust-ncg,0,0.0,0,2,None
OBSTCLAE,L-BFGS-B,None,0.0,None,9604,None
HS5,L-BFGS-B,1,0.0007960279860223333,1,2,None
OBSTCLAE,TNC,None,0.0,None,9604,None
HS5,TNC,1,0.0003564719809219241,1,2,None
OBSTCLAE,Powell,None,0.0,None,9604,None
HS5,Powell,1,0.0014522777249415715,1,2,None
OBSTCLAE,Nelder-Mead,None,0.0,None,9604,None
HS5,Nelder-Mead,1,0.0014711939729750156,1,2,None
DENSCHNE,CG,0,0.0,0,3,None
DMN15333LS,CG,1,0.006568902637809515,0,99,None
DENSCHNE,BFGS,0,0.0,0,3,None
DMN15333LS,BFGS,1,0.006397583327877025,0,99,None
DENSCHNE,dogleg,0,0.0001225409796461463,0,3,Nan/Inf
DMN15333LS,dogleg,1,0.11191652761772275,0,99,None
DENSCHNE,trust-ncg,0,6.391690112650394e-05,0,3,Nan/Inf
DMN15333LS,trust-ncg,1,0.0063534856696302695,0,99,None
3PK,L-BFGS-B,0,0.0,0,30,None
HS4,L-BFGS-B,0,0.0,0,2,None
3PK,TNC,0,0.0012649589916691184,1,30,Solver Error
HS4,TNC,0,0.0007152499165385962,1,2,Solver Error
3PK,Powell,0,0.0,0,30,None
HS4,Powell,1,0.010609979508444667,0,2,None
3PK,Nelder-Mead,0,0.0,0,30,None
HS4,Nelder-Mead,0,0.0003640420036390424,1,2,Solver Error
PALMER8C,CG,0,0.0,0,8,None
PALMER5D,CG,0,0.0,0,4,None
PALMER8C,BFGS,0,0.0,0,8,None
PALMER5D,BFGS,0,0.0,0,4,None
PALMER8C,dogleg,0,0.0,0,8,None
PALMER5D,dogleg,0,0.0,0,4,None
PALMER8C,trust-ncg,0,0.0,0,8,None
PALMER5D,trust-ncg,0,0.0,0,4,None
PALMER3A,L-BFGS-B,1,0.0013256666716188192,0,6,None
PALMER2E,L-BFGS-B,1,0.005428041680715978,0,8,None
PALMER3A,TNC,1,0.0005372083202625314,0,6,None
PALMER2E,TNC,0,0.0,0,8,None
PALMER3A,Powell,1,0.012662875039192537,0,6,None
PALMER2E,Powell,1,0.018603610961387556,0,8,None
PALMER3A,Nelder-Mead,0,0.0,0,6,None
PALMER2E,Nelder-Mead,0,0.0,0,8,None
EXPFIT,CG,1,0.0005169999785721302,0,2,None
POWELLSG,CG,None,0.0,None,5000,None
EXPFIT,BFGS,1,0.00010243065965672334,0,2,None
POWELLSG,BFGS,None,0.0,None,5000,None
EXPFIT,dogleg,0,0.00012387509923428297,0,2,Nan/Inf
POWELLSG,dogleg,None,0.0,None,5000,None
EXPFIT,trust-ncg,0,7.299997378140688e-05,0,2,Nan/Inf
POWELLSG,trust-ncg,None,0.0,None,5000,None
PFIT4LS,L-BFGS-B,0,0.0018670830177143216,0,3,Nan/Inf
EXPLIN2,L-BFGS-B,1,0.006167986352617542,0,1200,None
PFIT4LS,TNC,0,0.002133958972990513,0,3,Nan/Inf
EXPLIN2,TNC,1,0.29048190265893936,1,1200,None
PFIT4LS,Powell,1,0.004979875326777498,0,3,None
EXPLIN2,Powell,1,0.6518549863249063,0,1200,None
PFIT4LS,Nelder-Mead,0,0.00458470790181309,0,3,Nan/Inf
EXPLIN2,Nelder-Mead,0,0.0,0,1200,None
HELIX,CG,0,0.0,0,3,None
SSCOSINE,CG,None,0.0,None,5000,None
HELIX,BFGS,0,0.0,0,3,None
SSCOSINE,BFGS,None,0.0,None,5000,None
HELIX,dogleg,0,0.0,0,3,None
SSCOSINE,dogleg,None,0.0,None,5000,None
HELIX,trust-ncg,0,0.0,0,3,None
SSCOSINE,trust-ncg,None,0.0,None,5000,None
HART6,L-BFGS-B,1,0.0012041530183826883,1,6,None
CHEBYQAD,L-BFGS-B,1,0.0043277637256930275,0,100,None
HART6,TNC,1,0.0008088746884216865,1,6,None
CHEBYQAD,TNC,0,0.0,0,100,None
HART6,Powell,1,0.0037296806694939733,1,6,None
CHEBYQAD,Powell,1,1.0922738609757896,0,100,None
HART6,Nelder-Mead,1,0.009241222015892466,1,6,None
CHEBYQAD,Nelder-Mead,0,0.0,0,100,None
DIXMAANE,CG,0,0.0,0,3000,None
FLETBV3M,CG,None,0.0,None,5000,None
DIXMAANE,BFGS,0,0.0,0,3000,None
FLETBV3M,BFGS,None,0.0,None,5000,None
DIXMAANE,dogleg,0,0.0,0,3000,None
FLETBV3M,dogleg,None,0.0,None,5000,None
DIXMAANE,trust-ncg,0,0.0,0,3000,None
FLETBV3M,trust-ncg,None,0.0,None,5000,None
MAXLIKA,L-BFGS-B,1,0.00970604200847447,0,8,None
HS38,L-BFGS-B,1,0.0018771806887040536,1,4,None
MAXLIKA,TNC,1,0.004874062025919557,1,8,None
HS38,TNC,1,0.0010769169311970472,1,4,None
MAXLIKA,Powell,1,0.010600263718515635,0,8,None
HS38,Powell,1,0.015306055662222207,1,4,None
MAXLIKA,Nelder-Mead,1,0.04297995800152421,0,8,None
HS38,Nelder-Mead,1,0.0046215629554353654,1,4,None
LSC2LS,CG,0,0.0,0,3,None
OSCIGRAD,CG,None,0.0,None,100000,None
LSC2LS,BFGS,0,0.0,0,3,None
OSCIGRAD,BFGS,None,0.0,None,100000,None
LSC2LS,dogleg,0,0.0,0,3,None
OSCIGRAD,dogleg,None,0.0,None,100000,None
LSC2LS,trust-ncg,0,0.0,0,3,None
OSCIGRAD,trust-ncg,None,0.0,None,100000,None
KOEBHELB,L-BFGS-B,1,0.0005782083220159014,0,3,None
PALMER3B,L-BFGS-B,1,0.0006381113780662417,0,4,None
KOEBHELB,TNC,0,0.0037750840419903398,0,3,Nan/Inf
PALMER3B,TNC,1,0.00037201400846242905,0,4,None
KOEBHELB,Powell,0,0.0032112080371007323,0,3,Solver Error
PALMER3B,Powell,1,0.005450361330683033,0,4,None
KOEBHELB,Nelder-Mead,0,0.007985292002558708,0,3,Nan/Inf
PALMER3B,Nelder-Mead,1,0.0074934716103598475,0,4,None
KOWOSB,CG,0,0.0,0,4,None
ARGTRIGLS,CG,0,0.0,0,200,None
KOWOSB,BFGS,0,0.0,0,4,None
ARGTRIGLS,BFGS,0,0.0,0,200,None
KOWOSB,dogleg,0,0.0,0,4,None
ARGTRIGLS,dogleg,0,0.0,0,200,None
KOWOSB,trust-ncg,0,0.0,0,4,None
ARGTRIGLS,trust-ncg,0,0.0,0,200,None
PALMER2B,L-BFGS-B,1,0.0007641810225322843,0,4,None
HS3,L-BFGS-B,1,0.0005463890653724471,0,2,None
PALMER2B,TNC,1,0.00029037500886867446,0,4,None
HS3,TNC,1,0.0002657779647658269,0,2,None
PALMER2B,Powell,1,0.004988902675298353,0,4,None
HS3,Powell,1,0.001824139035306871,0,2,None
PALMER2B,Nelder-Mead,1,0.006813437445089221,0,4,None
HS3,Nelder-Mead,1,0.002998042036779225,0,2,None
BA-L73LS,CG,None,0.0,None,33753,None
DIXMAAND,CG,0,0.0,0,3000,None
BA-L73LS,BFGS,None,0.0,None,33753,None
DIXMAAND,BFGS,0,0.0,0,3000,None
BA-L73LS,dogleg,None,0.0,None,33753,None
DIXMAAND,dogleg,0,0.0,0,3000,None
BA-L73LS,trust-ncg,None,0.0,None,33753,None
DIXMAAND,trust-ncg,0,0.0,0,3000,None
HS2,L-BFGS-B,1,0.0022592919413000345,0,2,None
S368,L-BFGS-B,1,0.0008243890091155966,1,8,None
HS2,TNC,1,0.0005890279620264968,0,2,None
S368,TNC,1,0.0008373469657575091,1,8,None
HS2,Powell,1,0.004282499973972638,0,2,None
S368,Powell,1,0.004565166658721864,0,8,None
HS2,Nelder-Mead,1,0.0023453340400010347,0,2,None
S368,Nelder-Mead,1,0.011288479494396597,1,8,None
S308,CG,0,0.0,0,2,None
DENSCHNF,CG,0,0.0,0,2,None
S308,BFGS,0,0.0,0,2,None
DENSCHNF,BFGS,0,0.0,0,2,None
S308,dogleg,0,0.0,0,2,None
DENSCHNF,dogleg,0,0.0,0,2,None
S308,trust-ncg,0,0.0,0,2,None
DENSCHNF,trust-ncg,0,0.0,0,2,None
PFIT2LS,L-BFGS-B,0,0.0016574579058215022,0,3,Nan/Inf
WALL50,L-BFGS-B,None,0.0,None,37311,None
PFIT2LS,TNC,0,0.002290708012878895,0,3,Nan/Inf
WALL50,TNC,None,0.0,None,37311,None
PFIT2LS,Powell,1,0.004158333002123982,0,3,None
WALL50,Powell,None,0.0,None,37311,None
PFIT2LS,Nelder-Mead,0,0.0,0,3,None
WALL50,Nelder-Mead,None,0.0,None,37311,None
FMINSURF,CG,None,0.0,None,5625,None
PALMER4C,CG,0,0.0,0,8,None
FMINSURF,BFGS,None,0.0,None,5625,None
PALMER4C,BFGS,0,0.0,0,8,None
FMINSURF,dogleg,None,0.0,None,5625,None
PALMER4C,dogleg,0,0.0,0,8,None
FMINSURF,trust-ncg,None,0.0,None,5625,None
PALMER4C,trust-ncg,0,0.0,0,8,None
CHENHARK,L-BFGS-B,None,0.0,None,5000,None
PALMER2A,L-BFGS-B,1,0.0010647916545470555,0,6,None
CHENHARK,TNC,None,0.0,None,5000,None
PALMER2A,TNC,1,0.00043108333678295213,0,6,None
CHENHARK,Powell,None,0.0,None,5000,None
PALMER2A,Powell,1,0.016548388948043186,0,6,None
CHENHARK,Nelder-Mead,None,0.0,None,5000,None
PALMER2A,Nelder-Mead,0,0.0,0,6,None
YFITU,CG,0,0.0,0,3,None
GAUSS2LS,CG,0,0.0,0,8,None
YFITU,BFGS,0,0.0,0,3,None
GAUSS2LS,BFGS,0,0.0,0,8,None
YFITU,dogleg,0,0.0,0,3,None
GAUSS2LS,dogleg,0,0.0003096250584349036,0,8,Nan/Inf
YFITU,trust-ncg,0,0.0,0,3,None
GAUSS2LS,trust-ncg,0,0.00011183391325175762,0,8,Nan/Inf
PALMER3E,L-BFGS-B,1,0.005157305354562898,0,8,None
OBSTCLBL,L-BFGS-B,None,0.0,None,9604,None
PALMER3E,TNC,0,0.0,0,8,None
OBSTCLBL,TNC,None,0.0,None,9604,None
PALMER3E,Powell,1,0.034192083325857915,0,8,None
OBSTCLBL,Powell,None,0.0,None,9604,None
PALMER3E,Nelder-Mead,0,0.0,0,8,None
OBSTCLBL,Nelder-Mead,None,0.0,None,9604,None
INDEFM,CG,None,0.0,None,100000,None
SROSENBR,CG,None,0.0,None,5000,None
INDEFM,BFGS,None,0.0,None,100000,None
SROSENBR,BFGS,None,0.0,None,5000,None
INDEFM,dogleg,None,0.0,None,100000,None
SROSENBR,dogleg,None,0.0,None,5000,None
INDEFM,trust-ncg,None,0.0,None,100000,None
SROSENBR,trust-ncg,None,0.0,None,5000,None
DEGDIAG,L-BFGS-B,None,0.0,None,100001,None
HS1,L-BFGS-B,1,0.0012450835201889277,0,2,None
DEGDIAG,TNC,None,0.0,None,100001,None
HS1,TNC,1,0.0006807640505333742,0,2,None
DEGDIAG,Powell,None,0.0,None,100001,None
HS1,Powell,1,0.003799541659342746,0,2,None
DEGDIAG,Nelder-Mead,None,0.0,None,100001,None
HS1,Nelder-Mead,1,0.0026091659674420953,0,2,None
CHWIRUT1LS,CG,1,0.00017581251449882984,0,3,None
BA-L49LS,CG,None,0.0,None,23769,None
CHWIRUT1LS,BFGS,1,0.00014815266088893017,0,3,None
BA-L49LS,BFGS,None,0.0,None,23769,None
CHWIRUT1LS,dogleg,0,0.000249417033046484,0,3,Nan/Inf
BA-L49LS,dogleg,None,0.0,None,23769,None
CHWIRUT1LS,trust-ncg,0,0.0001392079284414649,0,3,Nan/Inf
BA-L49LS,trust-ncg,None,0.0,None,23769,None
OBSTCLBM,L-BFGS-B,None,0.0,None,9604,None
DEGTRID,L-BFGS-B,None,0.0,None,100001,None
OBSTCLBM,TNC,None,0.0,None,9604,None
DEGTRID,TNC,None,0.0,None,100001,None
OBSTCLBM,Powell,None,0.0,None,9604,None
DEGTRID,Powell,None,0.0,None,100001,None
OBSTCLBM,Nelder-Mead,None,0.0,None,9604,None
DEGTRID,Nelder-Mead,None,0.0,None,100001,None
VARDIM,CG,0,0.0,0,200,None
HAHN1LS,CG,1,0.000267625010261933,0,7,None
VARDIM,BFGS,0,0.0,0,200,None
HAHN1LS,BFGS,1,0.00015273600971947113,0,7,None
VARDIM,dogleg,0,0.0,0,200,None
HAHN1LS,dogleg,1,0.0003315973250816266,0,7,None
VARDIM,trust-ncg,0,0.0,0,200,None
HAHN1LS,trust-ncg,1,0.00016075000166893005,0,7,None
PALMER1A,L-BFGS-B,1,0.001438819298831125,0,6,None
OBSTCLAL,L-BFGS-B,None,0.0,None,9604,None
PALMER1A,TNC,1,0.0006109856379528841,0,6,None
OBSTCLAL,TNC,None,0.0,None,9604,None
PALMER1A,Powell,1,0.014467305038124323,0,6,None
OBSTCLAL,Powell,None,0.0,None,9604,None
PALMER1A,Nelder-Mead,0,0.0,0,6,None
OBSTCLAL,Nelder-Mead,None,0.0,None,9604,None
HIMMELBB,CG,0,0.0,0,2,None
VESUVIOLS,CG,0,0.0,0,8,None
HIMMELBB,BFGS,0,0.0,0,2,None
VESUVIOLS,BFGS,0,0.0,0,8,None
HIMMELBB,dogleg,0,0.00010779197327792645,0,2,Nan/Inf
VESUVIOLS,dogleg,0,0.0,0,8,None
HIMMELBB,trust-ncg,0,7.804099004715681e-05,0,2,Nan/Inf
VESUVIOLS,trust-ncg,0,0.0,0,8,None
LOGROS,L-BFGS-B,1,0.0004908056386436025,0,2,None
MDHOLE,L-BFGS-B,1,0.0008477363347386321,0,2,None
LOGROS,TNC,0,0.0011717500165104866,0,2,Solver Error
MDHOLE,TNC,1,0.0007694585365243256,0,2,None
LOGROS,Powell,1,0.004786805366165936,0,2,None
MDHOLE,Powell,1,0.007234708017980059,0,2,None
LOGROS,Nelder-Mead,0,0.0008770420681685209,0,2,Solver Error
MDHOLE,Nelder-Mead,1,0.0028721526420364776,0,2,None
SPMSRTLS,CG,None,0.0,None,4999,None
PALMER3C,CG,0,0.0,0,8,None
SPMSRTLS,BFGS,None,0.0,None,4999,None
PALMER3C,BFGS,0,0.0,0,8,None
SPMSRTLS,dogleg,None,0.0,None,4999,None
PALMER3C,dogleg,0,0.0,0,8,None
SPMSRTLS,trust-ncg,None,0.0,None,4999,None
PALMER3C,trust-ncg,0,0.0,0,8,None
YFIT,L-BFGS-B,0,0.0,0,3,None
FBRAIN2LS,L-BFGS-B,1,0.0666086389683187,1,4,None
YFIT,TNC,0,0.0,0,3,None
FBRAIN2LS,TNC,1,0.020308832987211645,0,4,None
YFIT,Powell,1,0.003937277632455031,0,3,None
FBRAIN2LS,Powell,1,0.09706872201059014,0,4,None
YFIT,Nelder-Mead,1,0.003937333473004401,0,3,None
FBRAIN2LS,Nelder-Mead,1,0.10011550000247856,1,4,None
TESTQUAD,CG,None,0.0,None,5000,None
LUKSAN22LS,CG,0,0.0,0,100,None
TESTQUAD,BFGS,None,0.0,None,5000,None
LUKSAN22LS,BFGS,0,0.0,0,100,None
TESTQUAD,dogleg,None,0.0,None,5000,None
LUKSAN22LS,dogleg,0,0.0,0,100,None
TESTQUAD,trust-ncg,None,0.0,None,5000,None
LUKSAN22LS,trust-ncg,0,0.0,0,100,None
SCOND1LS,L-BFGS-B,None,0.0,None,5000,None
HATFLDA,L-BFGS-B,1,0.0008840416946137944,0,4,None
SCOND1LS,TNC,None,0.0,None,5000,None
HATFLDA,TNC,0,0.0007449999684467912,0,4,Solver Error
SCOND1LS,Powell,None,0.0,None,5000,None
HATFLDA,Powell,1,0.010259527635450164,0,4,None
SCOND1LS,Nelder-Mead,None,0.0,None,5000,None
HATFLDA,Nelder-Mead,0,0.0007761250017210841,0,4,Solver Error
CHNROSNB,CG,0,0.0,0,50,None
LOGHAIRY,CG,1,0.00023593066725879908,0,2,None
CHNROSNB,BFGS,0,0.0,0,50,None
LOGHAIRY,BFGS,1,0.00010656969000895818,0,2,None
CHNROSNB,dogleg,0,0.0,0,50,None
LOGHAIRY,dogleg,1,0.00011444437162329753,0,2,None
CHNROSNB,trust-ncg,0,0.0,0,50,None
LOGHAIRY,trust-ncg,1,8.331937715411186e-05,0,2,None
HATFLDC,L-BFGS-B,1,0.0012973749544471502,0,25,None
PALMER1B,L-BFGS-B,1,0.0008533052944888672,0,4,None
HATFLDC,TNC,1,0.00028237502556294203,0,25,None
PALMER1B,TNC,1,0.0005481669989724954,0,4,None
HATFLDC,Powell,1,0.061215333019693695,0,25,None
PALMER1B,Powell,1,0.006463305675424635,0,4,None
HATFLDC,Nelder-Mead,1,0.03354061068966985,0,25,None
PALMER1B,Nelder-Mead,1,0.007875347005513808,0,4,None
SCURLY20,CG,None,0.0,None,10000,None
BA-L52LS,CG,None,0.0,None,192627,None
SCURLY20,BFGS,None,0.0,None,10000,None
BA-L52LS,BFGS,None,0.0,None,192627,None
SCURLY20,dogleg,None,0.0,None,10000,None
BA-L52LS,dogleg,None,0.0,None,192627,None
SCURLY20,trust-ncg,None,0.0,None,10000,None
BA-L52LS,trust-ncg,None,0.0,None,192627,None
HS25,L-BFGS-B,1,0.0025141106452792883,1,3,None
SIM2BQP,L-BFGS-B,0,0.0011372079607099295,1,1,Solver Error
HS25,TNC,1,0.0002275420119985938,1,3,None
SIM2BQP,TNC,0,0.0005367499543353915,1,1,Solver Error
HS25,Powell,1,0.006802277949949105,1,3,None
SIM2BQP,Powell,0,0.009261082974262536,1,1,Solver Error
HS25,Nelder-Mead,1,0.001613013989602526,1,3,None
SIM2BQP,Nelder-Mead,0,0.00028416700661182404,1,1,Solver Error
LANCZOS2LS,CG,0,0.0,0,6,None
HEART6LS,CG,0,0.0,0,6,None
LANCZOS2LS,BFGS,0,0.0,0,6,None
HEART6LS,BFGS,0,0.0,0,6,None
LANCZOS2LS,dogleg,0,0.00017866701819002628,0,6,Nan/Inf
HEART6LS,dogleg,0,0.0,0,6,None
LANCZOS2LS,trust-ncg,0,0.00010545901022851467,0,6,Nan/Inf
HEART6LS,trust-ncg,0,0.00014808401465415955,0,6,Nan/Inf
ELATVIDUB,L-BFGS-B,1,0.0021505833356059156,1,2,None
DEVGLA2B,L-BFGS-B,1,0.0019035409932257608,0,5,None
ELATVIDUB,TNC,1,0.00044693033123621717,1,2,None
DEVGLA2B,TNC,1,0.00043973600016518805,0,5,None
ELATVIDUB,Powell,1,0.0019047363311983645,1,2,None
DEVGLA2B,Powell,1,0.001670236330634604,0,5,None
ELATVIDUB,Nelder-Mead,1,0.0011086806650079477,1,2,None
DEVGLA2B,Nelder-Mead,1,0.0038431874963862356,0,5,None
LEVYMONT6,L-BFGS-B,1,0.0011448470007356566,1,3,None
TRIGON2B,L-BFGS-B,1,0.00146851400010443,1,10,None
LEVYMONT6,TNC,1,0.00045181966803890344,1,3,None
TRIGON2B,TNC,1,0.0014136806639726274,1,10,None
LEVYMONT6,Powell,1,0.0008748613327043131,1,3,None
TRIGON2B,Powell,1,0.0022404583335931725,1,10,None
LEVYMONT6,Nelder-Mead,1,0.001658167003673346,1,3,None
TRIGON2B,Nelder-Mead,1,0.013469999998051208,1,10,None
LEVYMONT7,L-BFGS-B,1,0.0007549166669681048,1,4,None
LEVYMONT5,L-BFGS-B,1,0.0004971666664156752,1,2,None
LEVYMONT7,TNC,1,0.0005120976687370179,1,4,None
LEVYMONT5,TNC,1,0.0003695003324537538,1,2,None
LEVYMONT7,Powell,1,0.0008571113357902505,1,4,None
LEVYMONT5,Powell,1,0.001035305668968552,1,2,None
LEVYMONT7,Nelder-Mead,1,0.0025925830001748786,1,4,None
LEVYMONT5,Nelder-Mead,1,0.0007107773344614543,1,2,None
